"campo";"descricao";"resposta"
"uf";"uf do municipio";
"cd_ibge";"codigo do ibge do municipio";
"d.cod_familiar_fam";"Codigo familiar";""
"d.dat_cadastramento_fam";"Data de cadastramento da familia";""
"d.dat_atual_fam";"Data da ultima atualizacao da familia";""
"d.cod_est_cadastral_fam";"Estado cadastral da familia";"2 - Sem Registro Civil#3 - Cadastrado"
"d.cod_forma_coleta_fam";"Forma de coleta";"0 - Informacao migrada como inexistente#1 - Sem visita Domiciliar#2 - Com visita domiciliar"
"d.dta_entrevista_fam";"Data da entrevista";""
"d.nom_localidade_fam";"Nome da localidade";""
"d.nom_tip_logradouro_fam";"Tipo de logradouro";""
"d.nom_titulo_logradouro_fam";"Titulo do logradouro";""
"d.nom_logradouro_fam";"Nome do logradouro";""
"d.num_logradouro_fam";"Numero do logradouro";""
"d.des_complemento_fam";"Complemento do numero";""
"d.des_complemento_adic_fam";"Complemento adicional";""
"d.num_cep_logradouro_fam";"CEP";""
"d.cod_unidade_territorial_fam";"Codigo da unidade territorial local";""
"d.nom_unidade_territorial_fam";"Nome da unidade territorial local";""
"d.txt_referencia_local_fam";"Referencia para localizacao do endereco";""
"d.nom_entrevistador_fam";"Nome do entrevistador";""
"d.num_cpf_entrevistador_fam";"CPF do entrevistador";""
"d.vlr_renda_media_fam";"Valor da renda familiar per capita";""
"d.fx_rfpc";"Faixa da renda familiar per capita";"1-Ate R$89,00#2-Entre R$85,01 ate R$178,00#3-Entre R$178,01 ate 1/2 S.M.#4-Acima de 1/2 S.M."
"d.vlr_renda_total_fam";"Valor da renda total da familia";""
"d.marc_pbf";"Recebe PBF familia";"0 - Nao#1 - Sim"
"d.qtde_meses_desat_cat";"Numero de meses apos a ultima atualizacao cadastral";"0 - ate 12 Meses#1 - 13 a 18 Meses#2 - 19 a 24 Meses#3 - 25 a 36 Meses#4 - 37 a 48 Meses#5 - acima de 48 Meses"
"d.cod_local_domic_fam";"Situacao do domicilio";"1 - Urbanas#2 - Rurais"
"d.cod_especie_domic_fam";"Especie do domicilio";"1 - Particular Permanente#2 - Particular improvisado#3 - Coletivo"
"d.qtd_comodos_domic_fam";"Quantidade de comodos do domicilio";""
"d.qtd_comodos_dormitorio_fam";"Comodo servindo como dormitorio do domicilio";""
"d.cod_material_piso_fam";"Material predominante no piso do domicilio";"1 - Terra#2 - Cimento#3 -aplicacoes.mds.gov.br/sagi/simulacao/cecadAdm/ Madeira aproveitada#4 - Madeira aparelhada#5 - Ceramica, lajota ou pedra#6 - Carpete#7 - Outro Material"
"d.cod_material_domic_fam";"Material predominante nas paredes externas do domicilio";"1 - Alvenaria/tijolo com revestimento#2 - Alvenaria/tijolo sem revestimento#3 - Madeira aparelhada#4 - Taipa revestida#5 - Taipa nao revestida#6 - Madeira aproveitada#7 - Palha#8 - Outro Material"
"d.cod_agua_canalizada_fam";"Água canalizada no domicilio";"1 - Sim#2 - Nao"
"d.cod_abaste_agua_domic_fam";"Forma de abastecimento de agua";"1 - Rede geral de distribuicao#2 - Poco ou nascente#3 - Cisterna#4 - Outra forma"
"d.cod_banheiro_domic_fam";"Existencia de banheiro";"1 - Sim#2 - Nao"
"d.cod_escoa_sanitario_domic_fam";"Forma de escoamento sanitario";"1 - Rede coletora de esgoto ou pluvial#2 - Fossa septica#3 - Fossa rudimentar#4 - Vala a ceu aberto#5 - Direto para um rio, lago ou mar#6 - Outra forma"
"d.cod_destino_lixo_domic_fam";"Forma de coleta do lixo";"1 - E coletado diretamente#2 - E coletado indiretamente#3 - E queimado ou enterrado na propriedade#4 - E jogado em terreno baldio ou logradouro (rua, avenida, etc.)#5 - E jogado em rio ou mar#6 - Tem outro destino"
"d.cod_iluminacao_domic_fam";"Tipo de iluminacao";"1 - Eletrica com medidor proprio#2 - Eletrica com medidor comunitario#3 - Eletrica sem medidor#4 - Oleo, querosene ou gas#5 - Vela#6 - Outra forma"
"d.cod_calcamento_domic_fam";"Calcamento em frente ao seu domicilio";"1 - Total#2 - Parcial#3 - Nao existe"
"d.cod_familia_indigena_fam";"Familia Indigena";"1 - Sim#2 - Nao"
"d.cod_povo_indigena_fam";"Codigo de povo indigena";""
"d.nom_povo_indigena_fam";"Nome do povo indigena";""
"d.cod_indigena_reside_fam";"Reside em reserva indigena";"1 - Sim#2 - Nao"
"d.cod_reserva_indigena_fam";"Codigo da reserva indigena";""
"d.nom_reserva_indigena_fam";"Nome da reserva indigena";""
"d.ind_familia_quilombola_fam";"Familia quilombola  ";"1 - Sim#2 - Nao"
"d.cod_comunidade_quilombola_fam";"Codigo da comunidade quilombola";""
"d.nom_comunidade_quilombola_fam";"Nome da comunidade quilombola";""
"d.qtd_pessoas_domic_fam";"Quantidade de pessoas no domicilio";""
"d.qtd_familias_domic_fam";"Quantidade de familias no domicilio";""
"d.qtd_pessoa_inter_0_17_anos_fam";"Quantidade de pessoas internadas faixa 0-17 anos";""
"d.qtd_pessoa_inter_18_64_anos_fam";"Quantidade de pessoas internadas faixa 18-59 anos";""
"d.qtd_pessoa_inter_65_anos_fam";"Quantidade de pessoas internadas faixa 60 anos ou mais";""
"d.val_desp_energia_fam";"Valor de despesas com energia";""
"d.val_desp_agua_esgoto_fam";"Valor de despesas com agua";""
"d.val_desp_gas_fam";"Valor de despesas com gas";""
"d.val_desp_alimentacao_fam";"Valor de despesas com alimentacao";""
"d.val_desp_transpor_fam";"Valor de despesas com transporte";""
"d.val_desp_aluguel_fam";"Valor de despesas com aluguel";""
"d.val_desp_medicamentos_fam";"Valor de despesas com medicamentos";""
"d.nom_estab_assist_saude_fam";"Nome do estabelecimento EAS/MS";""
"d.cod_eas_fam";"Codigo do estabelecimento EAS/MS";""
"d.nom_centro_assist_fam";"Nome do CRAS/CREAS";""
"d.cod_centro_assist_fam";"Codigo do CRAS/CREAS";""
"d.num_ddd_contato_1_fam";"DDD do telefone primario";""
"d.num_tel_contato_1_fam";"Numero do telefone primario";""
"d.ic_tipo_contato_1_fam";"Tipo do telefone primario";"L - Celular# C - Trabalho# R - Residencial# O - Recado# N- Nao tem# D - Nao declarado# S  - Sem coleta de dados."
"d.ic_envo_sms_contato_1_fam";"Autoriza envio de mensagem para telefone primario";"S - Sim#N - Nao"
"d.num_tel_contato_2_fam";"Numero do telefone secundario";""
"d.num_ddd_contato_2_fam";"DDD do telefone secundario";""
"d.ic_tipo_contato_2_fam";"Tipo do telefone secundario";"L - Celular# C - Trabalho# R - Residencial# O - Recado# N- Nao tem# D - Nao declarado# S  - Sem coleta de dados."
"d.ic_envo_sms_contato_2_fam";"Autoriza envio de mensagem para telefone secundario";"S - Sim#N - Nao"
"d.cod_cta_energ_unid_consum_fam";"Codigo da unidade consumidora associado a conta de energia eletrica do domicilio.";""
"d.ind_parc_mds_fam";"Grupos Populacionais Tradicionais e Especificos";"101-Famlia Cigana#201-Familia Extrativista#202-Familia de Pescadores  Artesanais#203-Familia Pertencente a Comunidade de Terreiro#204-Familia Ribeirinha#205-Familia Agricultores Familiares#301-Familia Assentada da Reforma Agraria#302-Familia Beneficiaria do Programa Nacional do Credito Fundiario#303-Familia Acampada#304-Familia Atingida por Empreendimentos de Infraestrutura#305-Familia de Preso do Sistema Carcerario#306-Familia Catadores de Material Reciclavel#0-Nenhuma"
"d.ref_cad";"Referencia Cadastro Unico";""
"d.ref_pbf";"Referencia Programa Bolsa Familia";""
